{
  "gold_patches": [
    {"instance_id": "advanced-dataset.task-1", "patch": null},
    {"instance_id": "advanced-dataset.task-2", "patch": null},
    {"instance_id": "advanced-dataset.task-3", "patch": null},
    {"instance_id": "advanced-dataset.task-4", "patch": null},
    {"instance_id": "advanced-dataset.task-5", "patch": null},
    {"instance_id": "advanced-dataset.task-6", "patch": null},
    {"instance_id": "advanced-dataset.task-7", "patch": null},
    {"instance_id": "advanced-dataset.task-8", "patch": null},
    {"instance_id": "advanced-dataset.task-9", "patch": null},
    {"instance_id": "advanced-dataset.task-10", "patch": null}
  ]
}
